{
  "nodes": {
    "markdown-preview#1": {
      "contentWidth": 450,
      "rfNode": {
        "position": {
          "x": 673.3297679288593,
          "y": 49.78671250787962
        }
      }
    },
    "Markdown file preview#1": {
      "rfNode": {
        "position": {
          "x": 88.73051496698156,
          "y": -35.49220598679263
        }
      }
    }
  }
}