{
  "nodes": {
    "html-preview#1": {
      "contentWidth": 450.18485246814083,
      "rfNode": {
        "position": {
          "x": 128.32196673686383,
          "y": -160.23385524749756
        }
      }
    },
    "image-preview#1": {
      "contentWidth": 478.959956564048,
      "rfNode": {
        "position": {
          "x": 656.1709448883333,
          "y": 169.67396565701347
        }
      }
    },
    "markdown-preview#1": {
      "contentWidth": 450,
      "rfNode": {
        "position": {
          "x": 1225.4286077356683,
          "y": -229.69880136129473
        }
      }
    },
    "video-preview#1": {
      "contentWidth": 450,
      "rfNode": {
        "position": {
          "x": 1725.9245263965538,
          "y": -229.69880136129473
        }
      }
    },
    "read-url#1": {
      "contentWidth": 450,
      "rfNode": {
        "position": {
          "x": 656.1709448883333,
          "y": -234.32603434298653
        }
      }
    },
    "audio-preview#1": {
      "contentWidth": 450,
      "rfNode": {
        "position": {
          "x": 2211.5158761225803,
          "y": -229.69880136129473
        }
      }
    }
  }
}