{
  "nodes": {
    "audio-preview#1": {
      "contentWidth": 450,
      "rfNode": {
        "position": {
          "x": 815.58443553797,
          "y": 77.04275483256446
        }
      }
    },
    "url_to_path#1": {
      "contentWidth": 450,
      "rfNode": {
        "position": {
          "x": 265.41160488312465,
          "y": 77.04275483256446
        }
      }
    }
  }
}