{
  "nodes": {
    "image-preview#2": {
      "rfNode": {
        "position": {
          "x": 0,
          "y": 0
        }
      }
    },
    "+value#1": {
      "contentWidth": 415,
      "rfNode": {
        "position": {
          "x": 547.9409556261965,
          "y": 275.8039981835206
        }
      }
    },
    "images-preview#1": {
      "rfNode": {
        "position": {
          "x": 1322.4551916799153,
          "y": -111.16290017019575
        }
      }
    }
  }
}