{
  "nodes": {
    "image-preview#2": {
      "contentWidth": 617.798791920691,
      "rfNode": {
        "position": {
          "x": 681.967154183449,
          "y": 32.77671593749909
        }
      }
    },
    "url_to_path#1": {
      "contentWidth": 450,
      "rfNode": {
        "position": {
          "x": 148.21134484879326,
          "y": 32.77671593749909
        }
      }
    }
  }
}