{
  "nodes": {
    "image-preview#2": {
      "rfNode": {
        "position": {
          "x": 650.2477516632886,
          "y": 32.77671593749909
        }
      }
    },
    "url_to_path#1": {
      "contentWidth": 450,
      "rfNode": {
        "position": {
          "x": 115.89910585685743,
          "y": 32.77671593749909
        }
      }
    }
  }
}