{
  "nodes": {
    "image-preview#2": {
      "contentWidth": 617.798791920691,
      "rfNode": {
        "position": {
          "x": 681.967154183449,
          "y": 32.77671593749909
        }
      }
    },
    "url_to_file#1": {
      "contentWidth": 450,
      "rfNode": {
        "position": {
          "x": 156.66985218750267,
          "y": 32.77671593749909
        }
      },
      "sections": {
        "inputs": {
          "collapsed": {
            "query": {
              "[]": true
            },
            "headers": {
              "[]": true
            }
          }
        }
      }
    }
  }
}