{
  "nodes": {
    "video-preview#1": {
      "contentWidth": 615.716064453125,
      "rfNode": {
        "position": {
          "x": 1187.565191391143,
          "y": 275.521023109419
        }
      }
    },
    "url_to_file#1": {
      "contentWidth": 450,
      "rfNode": {
        "position": {
          "x": 633.7808055372644,
          "y": 275.521023109419
        }
      },
      "sections": {
        "inputs": {
          "collapsed": {
            "query": {
              "[]": true
            },
            "headers": {
              "[]": true
            }
          }
        }
      }
    }
  }
}