{
  "nodes": {
    "video-preview#1": {
      "contentWidth": 615.716064453125,
      "rfNode": {
        "position": {
          "x": 1048.191461284673,
          "y": 275.521023109419
        }
      }
    },
    "url_to_path#1": {
      "contentWidth": 450,
      "rfNode": {
        "position": {
          "x": 505.41838173087626,
          "y": 275.521023109419
        }
      }
    }
  }
}